	Porterinema_fluviatile	Chordaria_linearis
Muricauda_eckloniae	0.976491862567812	0.9800362976406534
Rhodopirellula_europaea_6C	0.9258589511754068	0.9219600725952813
Candidatus_Phaeomarinobacter_ectocarpi	0.8969258589511754	0.8929219600725953
Antarctobacter_heliothermus	1.2007233273056057	1.2050816696914701
