	Cline	Pfluv
Pfluv_CPecto	0.8929219600725953	0.8969258589511754
Cline_RE6c	0.9219600725952813	0.9258589511754068
Pfluv_Aheli	1.2050816696914701	1.2007233273056057
Cline_Meckl	0.9800362976406534	0.976491862567812
