	PFluv	CLine
CLine_REuro	0.9258589511754068	0.9219600725952813
CLine_MEckl	0.976491862567812	0.9800362976406534
PFluv_CPhae	0.8969258589511754	0.8929219600725953
PFluv_AHeli	1.2007233273056057	1.2050816696914701
