	PFluv	CLine
PFluv	0.0	0.2744403
CLine	0.27444029999999997	0.0
